1;1;http://www.southpark.de/alle-episoden/s01e01-cartman-und-die-analsonde;Cartman und die Analsonde
1;2;http://www.southpark.de/alle-episoden/s01e03-knall-endlich-den-hasen-ab;Knall endlich den Hasen ab!
1;3;http://www.southpark.de/alle-episoden/s01e02-wie-werde-ich-zum-kampfkoloss;Wie werde ich zum Kampfkoloss?
1;4;http://www.southpark.de/alle-episoden/s01e04-ein-heim-fur-tiertunten;Ein Heim für Tiertunten
1;5;http://www.southpark.de/alle-episoden/s01e05-tanz-der-mutanten;Tanz der Mutanten
1;6;http://www.southpark.de/alle-episoden/s01e06-wer-killt-opa;Wer killt Opa?
1;7;http://www.southpark.de/alle-episoden/s01e07-her-mit-dem-hirn;Her mit dem Hirn!
1;8;http://www.southpark.de/alle-episoden/s01e08-damien;Damien
1;9;http://www.southpark.de/alle-episoden/s01e09-ein-fettwanst-in-athiopien;Ein Fettwanst in Äthiopien
1;10;http://www.southpark.de/alle-episoden/s01e10-mr-hankey-der-weihnachtskot;Mr. Hankey, der Weihnachtskot
1;11;http://www.southpark.de/alle-episoden/s01e11-geil-auf-miss-ellen;Geil auf Miss Ellen!
1;12;http://www.southpark.de/alle-episoden/s01e12-robo-streisand;Robo-Streisand
1;13;http://www.southpark.de/alle-episoden/s01e13-cartmans-mama-ist-eine-schlampe;Cartmans Mama ist eine Schlampe!
2;1;http://www.southpark.de/alle-episoden/s02e01-terrance-philipp-zeigen-pupse-gegen-saddam;Terrance & Philipp zeigen: "Pupse gegen Saddam"
2;2;http://www.southpark.de/alle-episoden/s02e02-und-noch-immer-ist-cartmans-mama-eine-schlampe;Und noch immer ist Cartmans Mama eine Schlampe!
2;3;http://www.southpark.de/alle-episoden/s02e03-rauf-aufs-huhn;Rauf auf's Huhn!
2;4;http://www.southpark.de/alle-episoden/s02e04-kampf-um-die-vorhaut;Kampf um die Vorhaut
2;5;http://www.southpark.de/alle-episoden/s02e05-schoner-war-ne-warze;Schöner wär 'ne Warze
2;6;http://www.southpark.de/alle-episoden/s02e06-jesus-verliert-einschaltquoten;Jesus verliert Einschaltquoten
2;7;http://www.southpark.de/alle-episoden/s02e07-griff-in-die-geschichte;Griff in die Geschichte
2;8;http://www.southpark.de/alle-episoden/s02e08-tote-hose;Tote Hose
2;9;http://www.southpark.de/alle-episoden/s02e09-mr-hankey-gegen-den-mist-aus-hollywood;Mr. Hankey gegen den Mist aus Hollywood
2;10;http://www.southpark.de/alle-episoden/s02e10-der-wind-hat-mir-ne-pocke-erzahlt;Der Wind hat mir 'ne Pocke erzählt
2;11;http://www.southpark.de/alle-episoden/s02e11-voll-das-geheimnis;Voll das Geheimnis!
2;12;http://www.southpark.de/alle-episoden/s02e12-streit-scheidung-und-ein-happy-end-in-25-minuten;Streit, Scheidung und ein Happy End in 25 Minuten
2;13;http://www.southpark.de/alle-episoden/s02e13-coole-kuhe;Coole Kühe
2;14;http://www.southpark.de/alle-episoden/s02e14-kohle-fur-den-chefkoch;Kohle für den Chefkoch
2;15;http://www.southpark.de/alle-episoden/s02e15-boser-boser-fisch;Böser, böser Fisch
2;16;http://www.southpark.de/alle-episoden/s02e16-rohe-weihnachten-charlie-manson;Rohe Weihnachten, Charlie Manson!
2;17;http://www.southpark.de/alle-episoden/s02e17-bose-buben-bringen-beistand;Böse Buben bringen Beistand
2;18;http://www.southpark.de/alle-episoden/s02e18-wem-gehort-der-typ-aus-dem-eis;Wem gehört der Typ aus dem Eis?
3;1;http://www.southpark.de/alle-episoden/s03e01-regenwald-regenwald-du-lasst-mich-vollig-kalt;Regenwald, Regenwald... du lässt mich völlig kalt
3;2;http://www.southpark.de/alle-episoden/s03e02-spontane-selbstentzundung;Spontane Selbstentzündung
3;3;http://www.southpark.de/alle-episoden/s03e03-chefkoch-liebt-nen-sukkubus;Chefkoch liebt 'nen Sukkubus!
3;4;http://www.southpark.de/alle-episoden/s03e04-tweek-gegen-craig;Tweek gegen Craig
3;5;http://www.southpark.de/alle-episoden/s03e05-south-park-saurier;South Park-Saurier
3;6;http://www.southpark.de/alle-episoden/s03e06-ich-fuhl-mich-voll-belastigt;Ich fühl' mich voll belästigt
3;7;http://www.southpark.de/alle-episoden/s03e07-katzenorgie-teil-1;Katzenorgie (Teil 1)
3;8;http://www.southpark.de/alle-episoden/s03e08-wenn-der-vater-mit-dem-vater-teil-2;Wenn der Vater mit dem Vater... (Teil 2)
3;9;http://www.southpark.de/alle-episoden/s03e09-beschnittene-pfadfinder-teil-3;Beschnittene Pfadfinder (Teil 3)
3;10;http://www.southpark.de/alle-episoden/s03e10-chinpokomon;Chinpokomon
3;11;http://www.southpark.de/alle-episoden/s03e11-hungriger-hugos-mission-im-all;Hungriger Hugos Mission im All
3;12;http://www.southpark.de/alle-episoden/s03e12-korns-echt-abgefahrene-geisterstory;Korns echt abgefahrene Geisterstory
3;13;http://www.southpark.de/alle-episoden/s03e13-vorsicht-vor-dem-wahren-leben;Vorsicht vor dem wahren Leben
3;14;http://www.southpark.de/alle-episoden/s03e14-fackeln-im-sturm-fur-arme;Fackeln im Sturm für Arme
3;15;http://www.southpark.de/alle-episoden/s03e15-halleluja-mr-hankeys-klassische-weihnachten;Halleluja! Mr. Hankeys klassische Weihnachten
3;16;http://www.southpark.de/alle-episoden/s03e16-hallo-gott-hier-ist-jesus;Hallo Gott, hier ist Jesus
3;17;http://www.southpark.de/alle-episoden/s03e17-jetzt-gibts-was-auf-die-ohren;Jetzt gibt's was auf die Ohren
4;1;http://www.southpark.de/alle-episoden/s04e01-die-lustige-geschichte-uber-ein-verbrechen-aus-hass;Die lustige Geschichte über ein Verbrechen aus Hass
4;2;http://www.southpark.de/alle-episoden/s04e02-zahnfee-mafia-co;Zahnfee-Mafia & Co
4;3;http://www.southpark.de/alle-episoden/s04e03-opa-macht-die-oma-tot;Opa macht die Oma tot
4;4;http://www.southpark.de/alle-episoden/s04e04-alle-macht-den-drogen;Alle macht den Drogen
4;5;http://www.southpark.de/alle-episoden/s04e05-grobe-erwartungen;Große Erwartungen
4;6;http://www.southpark.de/alle-episoden/s04e06-kennys-karma-52;Kennys Karma 52
4;7;http://www.southpark.de/alle-episoden/s04e07-nicht-ohne-meine-niere;Nicht ohne meine Niere
4;8;http://www.southpark.de/alle-episoden/s04e08-flaggenkrieg;Flaggenkrieg
4;9;http://www.southpark.de/alle-episoden/s04e09-flutschfinger-on-tour;Flutschfinger on Tour
4;10;http://www.southpark.de/alle-episoden/s04e10-ist-die-holle-behindertengerecht;Ist die Hölle behindertengerecht?
4;11;http://www.southpark.de/alle-episoden/s04e11-wird-wohl;Wird wohl...
4;12;http://www.southpark.de/alle-episoden/s04e12-4-klasse;4. Klasse!
4;13;http://www.southpark.de/alle-episoden/s04e13-widerstand-ist-zwecklos;Widerstand ist zwecklos
4;14;http://www.southpark.de/alle-episoden/s04e14-helen-keller-das-musical;Helen Keller: das Musical
4;15;http://www.southpark.de/alle-episoden/s04e15-die-krazy-kenny-show;Die Krazy Kenny Show
4;16;http://www.southpark.de/alle-episoden/s04e16-abenteuer-missbrauch;Abenteuer Missbrauch
4;17;http://www.southpark.de/alle-episoden/s04e17-und-keiner-lacht-zur-weihnachtsnacht;...und keiner lacht zur Weihnachtsnacht!
5;1;http://www.southpark.de/alle-episoden/s05e01-scott-tenorman-muss-sterben;Scott Tenorman muss sterben!
5;2;http://www.southpark.de/alle-episoden/s05e02-verfluchtes-fluchwort;Verfluchtes Fluchwort
5;3;http://www.southpark.de/alle-episoden/s05e03-kruppel-keile;Krüppel Keile!
5;4;http://www.southpark.de/alle-episoden/s05e04-die-liga-der-super-besten-freunde;Die Liga der Super Besten Freunde
5;5;http://www.southpark.de/alle-episoden/s05e05-hinter-dem-furz;Hinter dem Furz
5;6;http://www.southpark.de/alle-episoden/s05e06-cartmanland;Cartmanland
5;7;http://www.southpark.de/alle-episoden/s05e07-hundemelken;Hundemelken
5;8;http://www.southpark.de/alle-episoden/s05e08-ein-bisschen-kiffen;Ein bisschen kiffen?
5;9;http://www.southpark.de/alle-episoden/s05e09-osama-hat-nix-in-der-hose;Osama hat nix in der Hose
5;10;http://www.southpark.de/alle-episoden/s05e10-arschgesichter;Arschgesichter
5;11;http://www.southpark.de/alle-episoden/s05e11-was-ist-es-wann-kann-ich-es-kaufen;Was ist es? Wann kann ich es kaufen?
5;12;http://www.southpark.de/alle-episoden/s05e12-will-smith-bringt-reiches-pack-nach-south-park;Will Smith bringt reiches Pack nach South Park
5;13;http://www.southpark.de/alle-episoden/s05e13-kennys-tod;Kennys Tod
5;14;http://www.southpark.de/alle-episoden/s05e14-butters-das-bin-ich;Butters: Das bin ich!
6;1;http://www.southpark.de/alle-episoden/s06e01-freakshow;Freakshow
6;2;http://www.southpark.de/alle-episoden/s06e02-jared-hat-aides;Jared hat Aides
6;3;http://www.southpark.de/alle-episoden/s06e03-skifahren-ist-furn-arsch;Skifahren ist für'n Arsch
6;4;http://www.southpark.de/alle-episoden/s06e04-die-russel-crowe-show-mit-prugel-um-die-welt;Die Russel Crowe Show: Mit Prügel um die Welt
6;5;http://www.southpark.de/alle-episoden/s06e05-vaginitis-ohne-kalbfleisch;Vaginitis ohne Kalbfleisch
6;6;http://www.southpark.de/alle-episoden/s06e06-professor-chaos;Professor Chaos
6;7;http://www.southpark.de/alle-episoden/s06e07-das-gabs-doch-schon-bei-den-simpsons;Das gab's doch schon bei den Simpsons!
6;8;http://www.southpark.de/alle-episoden/s06e08-nur-korperliche-liebe-im-vatikan;Nur körperliche Liebe im Vatikan?
6;9;http://www.southpark.de/alle-episoden/s06e09-grober-digitaler-und-umgeschnitten;Größer, digitaler und umgeschnitten!
6;10;http://www.southpark.de/alle-episoden/s06e10-bebes-bruste-bringen-krieg;Bebes Brüste bringen Krieg
6;11;http://www.southpark.de/alle-episoden/s06e11-mongolen-vor-south-park;Mongolen vor South Park
6;12;http://www.southpark.de/alle-episoden/s06e12-eine-leiter-zum-himmel;Eine Leiter zum Himmel
6;13;http://www.southpark.de/alle-episoden/s06e13-die-ruckkehr-der-gefahrten-des-rings-zu-den-zwei-turmen;Die Rückkehr der Gefährten des Rings zu den zwei Türmen
6;14;http://www.southpark.de/alle-episoden/s06e14-todescamp-der-toleranz;Todescamp der Toleranz
6;15;http://www.southpark.de/alle-episoden/s06e15-kenny-ist-in-cartman-drin;Kenny ist in Cartman drin!
6;16;http://www.southpark.de/alle-episoden/s06e16-mein-zukunfts-ich-und-ich;Mein Zukunfts-Ich und Ich
6;17;http://www.southpark.de/alle-episoden/s06e17-weihnachten-im-irak-blut-wunder;Weihnachten im Irak: Blut & Wunder
7;1;http://www.southpark.de/alle-episoden/s07e01-fehlgeburt-einer-nation;Fehlgeburt einer Nation
7;2;http://www.southpark.de/alle-episoden/s07e02-guter-kruppel-schlechter-kruppel;Guter Krüppel, schlechter Krüppel
7;3;http://www.southpark.de/alle-episoden/s07e03-das-schweigen-des-klopapiers;Das Schweigen des Klopapiers
7;4;http://www.southpark.de/alle-episoden/s07e04-wird-die-erde-eingestellt;Wird die Erde eingestellt?
7;5;http://www.southpark.de/alle-episoden/s07e05-j-lo-das-doppelte-flittchen;J-Lo: Das doppelte Flittchen
7;6;http://www.southpark.de/alle-episoden/s07e06-kleine-kriminale;Kleine Kriminale
7;7;http://www.southpark.de/alle-episoden/s07e07-unglaublich-geldgeile-ureinwohner;Unglaublich geldgeile Ureinwohner
7;8;http://www.southpark.de/alle-episoden/s07e08-schwule-verschworung;Schwule Verschwörung
7;9;http://www.southpark.de/alle-episoden/s07e09-christen-rocken-fett;Christen rocken fett!
7;10;http://www.southpark.de/alle-episoden/s07e10-revolution-der-alten-sacke;Revolution der alten Säcke
7;11;http://www.southpark.de/alle-episoden/s07e11-casa-bonita;Casa Bonita
7;12;http://www.southpark.de/alle-episoden/s07e12-mormonen-machen-sich-was-vor;Mormonen machen sich was vor
7;13;http://www.southpark.de/alle-episoden/s07e13-kippe-weg;Kippe weg!
7;14;http://www.southpark.de/alle-episoden/s07e14-wir-sind-grufties;Wir sind Grufties
7;15;http://www.southpark.de/alle-episoden/s07e15-bloder-die-kanadier-nie-klingen;Blöder die Kanadier nie klingen
8;1;http://www.southpark.de/alle-episoden/s08e01-spiel-und-spab-mit-waffen;Spiel und Spaß mit Waffen
8;2;http://www.southpark.de/alle-episoden/s08e02-geilomat;G.E.I.L.O.M.A.T.
8;3;http://www.southpark.de/alle-episoden/s08e03-mit-der-spritze-an-die-spitze;Mit der Spritze an die Spitze
8;4;http://www.southpark.de/alle-episoden/s08e04-die-passion-des-juden;Die Passion des Juden
8;5;http://www.southpark.de/alle-episoden/s08e05-voll-in-den-ar-gefickt;Voll in den Ar*** gefickt
8;6;http://www.southpark.de/alle-episoden/s08e06-immigranten-aus-der-zukunft;Immigranten aus der Zukunft
8;7;http://www.southpark.de/alle-episoden/s08e07-die-jeffersons;Die Jeffersons
8;8;http://www.southpark.de/alle-episoden/s08e08-wahl-oder-stirb;Wähl oder stirb
8;9;http://www.southpark.de/alle-episoden/s08e09-das-bose-kommt-auf-wall-marts-sohlen;Das Böse kommt auf Wall-Marts Sohlen
8;10;http://www.southpark.de/alle-episoden/s08e10-vorschule;Vorschule
8;11;http://www.southpark.de/alle-episoden/s08e11-kampf-um-quoten;Kampf um Quoten
8;12;http://www.southpark.de/alle-episoden/s08e12-lasst-uns-schlampen-spielen;Lasst uns Schlampen spielen
8;13;http://www.southpark.de/alle-episoden/s08e13-cartmans-unglaubliche-gabe;Cartmans unglaubliche Gabe
8;14;http://www.southpark.de/alle-episoden/s08e14-weihnacht-im-walde;Weihnacht im Walde
9;1;http://www.southpark.de/alle-episoden/s09e01-mr-garrisons-schicke-neue-vagina;Mr. Garrisons schicke neue Vagina
9;2;http://www.southpark.de/alle-episoden/s09e02-stirb-hippie-stirb;Stirb Hippie, stirb!
9;3;http://www.southpark.de/alle-episoden/s09e03-die-supergeile-talentagentur;Die supergeile Talentagentur
9;4;http://www.southpark.de/alle-episoden/s09e04-abfs-allerbeste-freunde;ABF's - Allerbeste Freunde
9;5;http://www.southpark.de/alle-episoden/s09e05-siegertypen;Siegertypen
9;6;http://www.southpark.de/alle-episoden/s09e06-der-tod-von-eric-cartman;Der Tod von Eric Cartman
9;7;http://www.southpark.de/alle-episoden/s09e07-lattenfieber;Lattenfieber
9;8;http://www.southpark.de/alle-episoden/s09e08-der-treibhauseffekt;Der Treibhauseffekt
9;9;http://www.southpark.de/alle-episoden/s09e09-das-weissagungsgerat;Das Weissagungsgerät
9;10;http://www.southpark.de/alle-episoden/s09e10-ei-fersucht;Ei-fersucht
9;11;http://www.southpark.de/alle-episoden/s09e11-im-korper-des-feindes;Im Körper des Feindes
9;12;http://www.southpark.de/alle-episoden/s09e12-schrankgefluster;Schrankgeflüster
9;13;http://www.southpark.de/alle-episoden/s09e13-free-willzyx;Free Willzyx
9;14;http://www.southpark.de/alle-episoden/s09e14-bloody-mary;Bloody Mary
10;1;http://www.southpark.de/alle-episoden/s10e01-the-return-of-chefkoch;The Return of Chefkoch
10;2;http://www.southpark.de/alle-episoden/s10e02-snobwarnung;Snobwarnung
10;3;http://www.southpark.de/alle-episoden/s10e03-cartoon-krieg-teil-1;Cartoon Krieg (Teil 1)
10;4;http://www.southpark.de/alle-episoden/s10e04-cartoon-krieg-teil-2;Cartoon Krieg (Teil 2)
10;5;http://www.southpark.de/alle-episoden/s10e05-viel-frottee-um-nichts;Viel Frottee um nichts
10;6;http://www.southpark.de/alle-episoden/s10e06-mannbarschwein;Mannbärschwein
10;7;http://www.southpark.de/alle-episoden/s10e07-tsst;Tsst!
10;8;http://www.southpark.de/alle-episoden/s10e08-make-love-not-warcraft;Make Love, Not Warcraft
10;9;http://www.southpark.de/alle-episoden/s10e09-scheib-paranoia;Scheiß Paranoia
10;10;http://www.southpark.de/alle-episoden/s10e10-schuljungen-report;Schuljungen - Report
10;11;http://www.southpark.de/alle-episoden/s10e11-die-holle-auf-erden;Die Hölle auf Erden
10;12;http://www.southpark.de/alle-episoden/s10e12-gott-ist-tot;Gott ist tot
10;13;http://www.southpark.de/alle-episoden/s10e13-gott-ist-tot-ii;Gott ist tot II
10;14;http://www.southpark.de/alle-episoden/s10e14-stanleys-cup;Stanley's Cup
11;1;http://www.southpark.de/alle-episoden/s11e01-bitte-ein-n;Bitte ein "N"
11;2;http://www.southpark.de/alle-episoden/s11e02-cartman-sucks;Cartman Sucks
11;3;http://www.southpark.de/alle-episoden/s11e03-laustrophobie;Laustrophobie
11;4;http://www.southpark.de/alle-episoden/s11e04-hillary-24;Hillary 2.4
11;5;http://www.southpark.de/alle-episoden/s11e05-der-osterhasen-code;Der Osterhasen-Code
11;6;http://www.southpark.de/alle-episoden/s11e06-lesbos;LesBos
11;7;http://www.southpark.de/alle-episoden/s11e07-die-nacht-der-lebenden-obdachlosen;Die Nacht der lebenden Obdachlosen
11;8;http://www.southpark.de/alle-episoden/s11e08-ein-bisschen-tourette;Ein bisschen Tourette
11;9;http://www.southpark.de/alle-episoden/s11e09-das-grobe-geschaft;Das große Geschäft
11;10;http://www.southpark.de/alle-episoden/s11e10-fantasieland;Fantasieland
11;11;http://www.southpark.de/alle-episoden/s11e11-fantasieland-episode-ii;Fantasieland - Episode II
11;12;http://www.southpark.de/alle-episoden/s11e12-fantasieland-episode-iii;Fantasieland - Episode III
11;13;http://www.southpark.de/alle-episoden/s11e13-guitar-queer-o;Guitar Queer-O
11;14;http://www.southpark.de/alle-episoden/s11e14-die-liste;Die Liste
12;1;http://www.southpark.de/alle-episoden/s12e01-arger-mit-den-mandeln;Ärger mit den Mandeln
12;2;http://www.southpark.de/alle-episoden/s12e02-britneys-neuer-look;Britney's neuer Look
12;3;http://www.southpark.de/alle-episoden/s12e03-katerstimmung;Katerstimmung
12;4;http://www.southpark.de/alle-episoden/s12e04-kanada-im-streik;Kanada im Streik
12;5;http://www.southpark.de/alle-episoden/s12e05-huch-ein-penis;Huch, ein Penis
12;6;http://www.southpark.de/alle-episoden/s12e06-keine-verbindung;Keine Verbindung
12;7;http://www.southpark.de/alle-episoden/s12e07-super-phun-thyme;Super Phun Thyme
12;8;http://www.southpark.de/alle-episoden/s12e08-das-china-problem;Das China-Problem
12;9;http://www.southpark.de/alle-episoden/s12e09-busenfeinde;Busenfeinde
12;10;http://www.southpark.de/alle-episoden/s12e10-pandemic;Pandemic
12;11;http://www.southpark.de/alle-episoden/s12e11-pandemic-2-the-startling;Pandemic 2: The Startling
12;12;http://www.southpark.de/alle-episoden/s12e12-obamas-eleven;Obama's Eleven
12;13;http://www.southpark.de/alle-episoden/s12e13-elementary-school-musical;Elementary School Musical
12;14;http://www.southpark.de/alle-episoden/s12e14-butters-im-bann-der-damonen;Butters im Bann der Dämonen
13;1;http://www.southpark.de/alle-episoden/s13e01-der-ring;Der Ring
13;2;http://www.southpark.de/alle-episoden/s13e02-der-coon;Der Coon
13;3;http://www.southpark.de/alle-episoden/s13e03-margaritaville;Margaritaville
13;4;http://www.southpark.de/alle-episoden/s13e04-queeft-los;Queeft los
13;5;http://www.southpark.de/alle-episoden/s13e05-leck-mich-am-stabchen;Leck mich am Stäbchen
13;6;http://www.southpark.de/alle-episoden/s13e06-pinewood-derby;Pinewood Derby
13;7;http://www.southpark.de/alle-episoden/s13e07-kaptn-fettbart;Käptn Fettbart
13;8;http://www.southpark.de/alle-episoden/s13e08-tote-promis;Tote Promis
13;9;http://www.southpark.de/alle-episoden/s13e09-butters-bottom-bitch;Butters' Bottom Bitch
13;10;http://www.southpark.de/alle-episoden/s13e10-wtf;W.T.F.
13;11;http://www.southpark.de/alle-episoden/s13e11-whale-whores;Whale Whores
13;12;http://www.southpark.de/alle-episoden/s13e12-schwule-schwuchteln;Schwule Schwuchteln
13;13;http://www.southpark.de/alle-episoden/s13e13-schlumpfentanz;Schlumpfentanz
13;14;http://www.southpark.de/alle-episoden/s13e02-der-coon;Der Coon
14;1;http://www.southpark.de/alle-episoden/s14e01-sexual-healing;Sexual Healing
14;2;http://www.southpark.de/alle-episoden/s14e02-als-die-kacke-pipi-musste;Als die Kacke Pipi musste
14;3;http://www.southpark.de/alle-episoden/s14e03-thc-versus-kfc;THC versus KFC
14;4;http://www.southpark.de/alle-episoden/s14e04-du-hast-0-freunde;Du hast 0 Freunde
14;5;http://www.southpark.de/alle-episoden/s14e05-200;200
14;6;http://www.southpark.de/alle-episoden/s14e06-201;201
14;7;http://www.southpark.de/alle-episoden/s14e07-kruppel-camp;Krüppel Camp
14;8;http://www.southpark.de/alle-episoden/s14e08-arm-aber-damlich;Arm Aber Dämlich
14;9;http://www.southpark.de/alle-episoden/s14e09-son-jersey-ding;So'n Jersey Ding
14;10;http://www.southpark.de/alle-episoden/s14e10-messie-syndrom;Messie-Syndrom
14;11;http://www.southpark.de/alle-episoden/s14e11-der-coon-2;Der Coon 2
14;12;http://www.southpark.de/alle-episoden/s14e12-mysterion-schlagt-zuruck;Mysterion schlägt zurück
14;13;http://www.southpark.de/alle-episoden/s14e13-coon-vs-coon-friends;Coon VS Coon & Friends
14;14;http://www.southpark.de/alle-episoden/s14e14-crme-fraiche;Créme Fraiche
15;1;http://www.southpark.de/alle-episoden/s15e01-humancentipad;HUMANCENTiPAD
15;2;http://www.southpark.de/alle-episoden/s15e02-funnybot;Funnybot
15;3;http://www.southpark.de/alle-episoden/s15e03-pudding-royal;Pudding Royal
15;4;http://www.southpark.de/alle-episoden/s15e04-tmi;T.M.I.
15;5;http://www.southpark.de/alle-episoden/s15e05-crack-baby-basketball;Crack-Baby Basketball
15;6;http://www.southpark.de/alle-episoden/s15e06-city-sushi;City Sushi
15;7;http://www.southpark.de/alle-episoden/s15e07-hort-sich-wie-scheibe-an;Hört sich wie Scheiße an
15;8;http://www.southpark.de/alle-episoden/s15e08-arschburger;Arschburger
15;9;http://www.southpark.de/alle-episoden/s15e09-der-letzte-meheekaner;Der letzte Meheekaner
15;10;http://www.southpark.de/alle-episoden/s15e10-barsch-zu-mund;Barsch-zu-Mund
15;11;http://www.southpark.de/alle-episoden/s15e11-broadway-bros;Broadway Bros
15;12;http://www.southpark.de/alle-episoden/s15e12-one-percent;1%
15;13;http://www.southpark.de/alle-episoden/s15e13-erntedank-und-doku-drama;Erntedank und Doku-Drama
15;14;http://www.southpark.de/alle-episoden/s15e14-immer-arger-mit-proll-trash;Immer Ärger mit Proll-Trash
16;1;http://www.southpark.de/alle-episoden/s16e01-ruckwarts-reiten;Rückwärts Reiten
16;2;http://www.southpark.de/alle-episoden/s16e02-wer-hat-zuerst-gerochen;Wer hat zuerst gerochen?
16;3;http://www.southpark.de/alle-episoden/s16e03-faith-hilling;Faith Hilling
16;4;http://www.southpark.de/alle-episoden/s16e04-judapacabra;Judapacabra
16;5;http://www.southpark.de/alle-episoden/s16e05-butters-eier;Butters Eier
16;6;http://www.southpark.de/alle-episoden/s16e06-ziplining;Ziplining
16;7;http://www.southpark.de/alle-episoden/s16e07-armor-eric;Armor Eric
16;8;http://www.southpark.de/alle-episoden/s16e08-sarcastaball;Sarcastaball
16;9;http://www.southpark.de/alle-episoden/s16e09-eine-hohle-bar;Eine hohle Bar
16;10;http://www.southpark.de/alle-episoden/s16e10-gasmaske;Gasmaske
16;11;http://www.southpark.de/alle-episoden/s16e11-urlaub-mit-kenny-butters;Urlaub mit Kenny & Butters
16;12;http://www.southpark.de/alle-episoden/s16e12-ein-alptraum-an-halloween;Ein Alptraum an Halloween
16;13;http://www.southpark.de/alle-episoden/s16e13-ein-toller-applaus;Ein toller Applaus
16;14;http://www.southpark.de/alle-episoden/s16e14-wahlt-obama;Wählt Obama!
17;1;http://www.southpark.de/alle-episoden/s17e01-lass-los-die-nsa-liebt-dich;Lass los, die NSA liebt Dich
17;2;http://www.southpark.de/alle-episoden/s17e02-infotainment-morderpornos;Infotainment-Mörderpornos
17;3;http://www.southpark.de/alle-episoden/s17e03-world-war-zimmerman;World War Zimmerman
17;4;http://www.southpark.de/alle-episoden/s17e04-goth-kids-3-dawn-of-the-posers;Goth Kids 3: Dawn of the Posers
17;5;http://www.southpark.de/alle-episoden/s17e05-die-zahmung-des-widerspenstigen-spaltes;Die Zähmung des widerspenstigen Spaltes
17;6;http://www.southpark.de/alle-episoden/s17e06-ginger-kuh;Ginger Kuh
17;7;http://www.southpark.de/alle-episoden/s17e07-die-red-robin-hochzeit;Die Red Robin Hochzeit
17;8;http://www.southpark.de/alle-episoden/s17e08-das-lied-von-arsch-und-feuer;Das Lied von Arsch und Feuer
17;9;http://www.southpark.de/alle-episoden/s17e09-titten-und-drachen;Titten und Drachen
17;10;http://www.southpark.de/alle-episoden/s17e10-der-hobbit;Der Hobbit
18;1;http://www.southpark.de/alle-episoden/s18e01-leckt-euch-selbst;Leckt euch selbst
18;2;http://www.southpark.de/alle-episoden/s18e02-glutenfreies-ebola;Glutenfreies Ebola
18;3;http://www.southpark.de/alle-episoden/s18e03-die-cissy;Die Cissy
18;4;http://www.southpark.de/alle-episoden/s18e04-handicar;Handicar
18;5;http://www.southpark.de/alle-episoden/s18e05-der-magische-busch;Der magische Busch
18;6;http://www.southpark.de/alle-episoden/s18e06-freemium-gibts-nicht-umsonst;Freemium gibt's nicht umsonst
18;7;http://www.southpark.de/alle-episoden/s18e07-die-hausarrest-schleife;Die Hausarrest-Schleife
18;8;http://www.southpark.de/alle-episoden/s18e08-piep-hahn-magic;Piep-Hahn-Magic
18;9;http://www.southpark.de/alle-episoden/s18e09-hashtag-aufwarmen;Hashtag "Aufwärmen"
18;10;http://www.southpark.de/alle-episoden/s18e10-happyholograms;#HappyHolograms
19;1;http://www.southpark.de/alle-episoden/s19e01-stunning-and-brave;Stunning and Brave
19;2;http://www.southpark.de/alle-episoden/s19e02-where-my-country-gone;Where My Country Gone?
19;3;http://www.southpark.de/alle-episoden/s19e03-the-city-part-of-town;The City Part of Town
19;4;http://www.southpark.de/alle-episoden/s19e04-youre-not-yelping;You're Not Yelping
19;5;http://www.southpark.de/alle-episoden/s19e05-safe-space;Safe Space
19;6;http://www.southpark.de/alle-episoden/s19e06-tweek-x-craig;Tweek x Craig
19;7;http://www.southpark.de/alle-episoden/s19e07-naughty-ninjas;Naughty Ninjas
19;8;http://www.southpark.de/alle-episoden/s19e08-sponsored-content;Sponsored Content
19;9;http://www.southpark.de/alle-episoden/s19e09-truth-and-advertising;Truth and Advertising
19;10;http://www.southpark.de/alle-episoden/s19e10-pc-principal-final-justice;PC Principal Final Justice
20;1;http://www.southpark.de/alle-episoden/s20e01-member-berries;Member Berries
20;2;http://www.southpark.de/alle-episoden/s20e02-skank-hunt;Skank Hunt
20;3;http://www.southpark.de/alle-episoden/s20e03-the-damned;The Damned
20;4;http://www.southpark.de/alle-episoden/s20e04-wieners-out;Wieners Out
20;5;http://www.southpark.de/alle-episoden/s20e05-douche-and-a-danish;Douche and a Danish
20;6;http://www.southpark.de/alle-episoden/s20e06-fort-collins;Fort Collins
20;7;http://www.southpark.de/alle-episoden/s20e07-oh-jeez;Oh, Jeez
20;8;http://www.southpark.de/alle-episoden/s20e08-members-only;Members Only
20;9;http://www.southpark.de/alle-episoden/s20e09-not-funny;Not Funny
20;10;http://www.southpark.de/alle-episoden/s20e10-the-end-of-serialization-as-we-know-it;The End of Serialization As We Know It
21;1;http://www.southpark.de/alle-episoden/s21e01-white-people-renovating-houses;White People Renovating Houses
21;2;http://www.southpark.de/alle-episoden/s21e02-put-it-down;Put It Down
21;3;http://www.southpark.de/alle-episoden/s21e03-holiday-special;Holiday Special
21;4;http://www.southpark.de/alle-episoden/s21e04-franchise-prequel;Franchise Prequel
21;5;http://www.southpark.de/alle-episoden/s21e05-hummels-heroin;Hummels & Heroin
21;6;http://www.southpark.de/alle-episoden/s21e06-sons-a-witches;Sons A Witches
21;7;http://www.southpark.de/alle-episoden/s21e07-doubling-down;Doubling Down
21;8;http://www.southpark.de/alle-episoden/s21e08-moss-piglets;Moss Piglets
21;9;http://www.southpark.de/alle-episoden/s21e09-super-hard-pcness;SUPER HARD PCness
21;10;http://www.southpark.de/alle-episoden/s21e10-splatty-tomato;Splatty Tomato
